<?xml version="1.0" encoding="ISO-8859-1"?>
<mmap>
 <cluster>
  <path_length_mean>25.0</path_length_mean>
  <path_length_variance>0.00</path_length_variance>
  <path_depth_mean>2.00</path_depth_mean>
  <path_depth_variance>0.00</path_depth_variance>
  <filenames>
   <filename>mm@0:zero</filename>
  </filenames>
  <retValues>
   <retValue>-277</retValue>
   <retValue>-277</retValue>
   <retValue>-277</retValue>
   <retValue>-278</retValue>
  </retValues>
  <paths>
   <path>/devices/pseudo/mm@0:zero</path>
  </paths>
  <filemodes>
   <filemode>0</filemode>
  </filemodes>
  <file_owner_ids>
   <file_owner_id>0</file_owner_id>
  </file_owner_ids>
  <file_group_ids>
   <file_group_id>3</file_group_id>
  </file_group_ids>
  <euids>
   <euid>0</euid>
  </euids>
  <egids>
   <egid>0</egid>
  </egids>
  <ruids>
   <ruid>0</ruid>
  </ruids>
  <rgids>
   <rgid>0</rgid>
  </rgids>
  <cluster_size>4</cluster_size>
 </cluster>
 <cluster>
  <path_length_mean>20.6</path_length_mean>
  <path_length_variance>3.65</path_length_variance>
  <path_depth_mean>2.00</path_depth_mean>
  <path_depth_variance>0.00</path_depth_variance>
  <filenames>
   <filename>libauth.so.1</filename>
   <filename>libbsm.so.1</filename>
   <filename>libc.so.1</filename>
   <filename>libdl.so.1</filename>
   <filename>libintl.so.1</filename>
   <filename>libmp.so.1</filename>
   <filename>libnsl.so.1</filename>
   <filename>libsocket.so.1</filename>
   <filename>libw.so.1</filename>
   <filename>nss_files.so.1</filename>
  </filenames>
  <retValues>
   <retValue>-277</retValue>
   <retValue>-277</retValue>
   <retValue>-277</retValue>
   <retValue>-277</retValue>
   <retValue>-277</retValue>
   <retValue>-277</retValue>
   <retValue>-278</retValue>
   <retValue>-279</retValue>
   <retValue>-278</retValue>
   <retValue>-278</retValue>
   <retValue>-278</retValue>
   <retValue>-278</retValue>
   <retValue>-277</retValue>
   <retValue>-278</retValue>
   <retValue>-277</retValue>
   <retValue>-277</retValue>
   <retValue>-279</retValue>
   <retValue>-279</retValue>
   <retValue>-279</retValue>
   <retValue>-279</retValue>
   <retValue>-279</retValue>
   <retValue>-279</retValue>
   <retValue>-280</retValue>
   <retValue>-280</retValue>
  </retValues>
  <paths>
   <path>/usr/lib/libauth.so.1</path>
   <path>/usr/lib/libbsm.so.1</path>
   <path>/usr/lib/libc.so.1</path>
   <path>/usr/lib/libdl.so.1</path>
   <path>/usr/lib/libintl.so.1</path>
   <path>/usr/lib/libmp.so.1</path>
   <path>/usr/lib/libnsl.so.1</path>
   <path>/usr/lib/libsocket.so.1</path>
   <path>/usr/lib/libw.so.1</path>
   <path>/usr/lib/nss_files.so.1</path>
  </paths>
  <filemodes>
   <filemode>0</filemode>
  </filemodes>
  <file_owner_ids>
   <file_owner_id>2</file_owner_id>
  </file_owner_ids>
  <file_group_ids>
   <file_group_id>2</file_group_id>
  </file_group_ids>
  <euids>
   <euid>0</euid>
  </euids>
  <egids>
   <egid>0</egid>
  </egids>
  <ruids>
   <ruid>0</ruid>
   <ruid>100</ruid>
  </ruids>
  <rgids>
   <rgid>0</rgid>
  </rgids>
  <cluster_size>33</cluster_size>
 </cluster>
 <cluster>
  <path_length_mean>33.0</path_length_mean>
  <path_length_variance>0.75</path_length_variance>
  <path_depth_mean>3.00</path_depth_mean>
  <path_depth_variance>0.00</path_depth_variance>
  <filenames>
   <filename>pam_authen.so.1</filename>
   <filename>pam_entry.so.1</filename>
   <filename>pam_session.so.1</filename>
  </filenames>
  <retValues>
   <retValue>-277</retValue>
   <retValue>-279</retValue>
   <retValue>-279</retValue>
   <retValue>-279</retValue>
   <retValue>-279</retValue>
   <retValue>-279</retValue>
   <retValue>-279</retValue>
  </retValues>
  <paths>
   <path>/usr/lib/security/pam_authen.so.1</path>
   <path>/usr/lib/security/pam_entry.so.1</path>
   <path>/usr/lib/security/pam_session.so.1</path>
  </paths>
  <filemodes>
   <filemode>0</filemode>
  </filemodes>
  <file_owner_ids>
   <file_owner_id>0</file_owner_id>
  </file_owner_ids>
  <file_group_ids>
   <file_group_id>3</file_group_id>
  </file_group_ids>
  <euids>
   <euid>0</euid>
  </euids>
  <egids>
   <egid>0</egid>
  </egids>
  <ruids>
   <ruid>0</ruid>
  </ruids>
  <rgids>
   <rgid>0</rgid>
  </rgids>
  <cluster_size>9</cluster_size>
 </cluster>
 <cluster>
  <path_length_mean>37.0</path_length_mean>
  <path_length_variance>0.00</path_length_variance>
  <path_depth_mean>4.00</path_depth_mean>
  <path_depth_variance>0.00</path_depth_variance>
  <filenames>
   <filename>libc_psr.so.1</filename>
  </filenames>
  <retValues>
   <retValue>-277</retValue>
   <retValue>-278</retValue>
   <retValue>-278</retValue>
  </retValues>
  <paths>
   <path>/usr/platform/sun4u/lib/libc_psr.so.1</path>
  </paths>
  <filemodes>
   <filemode>0</filemode>
  </filemodes>
  <file_owner_ids>
   <file_owner_id>2</file_owner_id>
  </file_owner_ids>
  <file_group_ids>
   <file_group_id>2</file_group_id>
  </file_group_ids>
  <euids>
   <euid>0</euid>
  </euids>
  <egids>
   <egid>0</egid>
  </egids>
  <ruids>
   <ruid>0</ruid>
  </ruids>
  <rgids>
   <rgid>0</rgid>
  </rgids>
  <cluster_size>3</cluster_size>
 </cluster>
</mmap>
