<?xml version="1.0" encoding="ISO-8859-1"?>
<chdir>
 <cluster>
  <syscall>CHDIR0</syscall>
  <path_length_mean>19.1</path_length_mean>
  <path_length_variance>1.49</path_length_variance>
  <path_depth_mean>2.00</path_depth_mean>
  <path_depth_variance>0.00</path_depth_variance>
  <filenames>
   <filename>adrieni</filename>
   <filename>alie</filename>
   <filename>avrap</filename>
   <filename>bramy</filename>
   <filename>charlab</filename>
   <filename>grzegors</filename>
   <filename>huws</filename>
   <filename>katinas</filename>
   <filename>mariel</filename>
   <filename>marlync</filename>
   <filename>marlyy</filename>
   <filename>mistyd</filename>
   <filename>parkerm</filename>
   <filename>romeob</filename>
   <filename>soniac</filename>
   <filename>virginil</filename>
  </filenames>
  <retValues>
   <retValue>0</retValue>
  </retValues>
  <paths>
   <path>/export/home/adrieni</path>
   <path>/export/home/alie</path>
   <path>/export/home/avrap</path>
   <path>/export/home/bramy</path>
   <path>/export/home/charlab</path>
   <path>/export/home/grzegors</path>
   <path>/export/home/huws</path>
   <path>/export/home/katinas</path>
   <path>/export/home/mariel</path>
   <path>/export/home/marlync</path>
   <path>/export/home/marlyy</path>
   <path>/export/home/mistyd</path>
   <path>/export/home/parkerm</path>
   <path>/export/home/romeob</path>
   <path>/export/home/soniac</path>
   <path>/export/home/virginil</path>
  </paths>
  <filemodes>
   <filemode>4075</filemode>
  </filemodes>
  <file_owner_ids>
   <file_owner_id>2133</file_owner_id>
   <file_owner_id>2110</file_owner_id>
   <file_owner_id>2103</file_owner_id>
   <file_owner_id>2051</file_owner_id>
   <file_owner_id>2101</file_owner_id>
   <file_owner_id>2114</file_owner_id>
   <file_owner_id>2112</file_owner_id>
   <file_owner_id>2098</file_owner_id>
   <file_owner_id>2132</file_owner_id>
   <file_owner_id>2131</file_owner_id>
   <file_owner_id>2100</file_owner_id>
   <file_owner_id>2134</file_owner_id>
   <file_owner_id>2121</file_owner_id>
   <file_owner_id>2129</file_owner_id>
   <file_owner_id>2097</file_owner_id>
   <file_owner_id>2108</file_owner_id>
  </file_owner_ids>
  <file_group_ids>
   <file_group_id>1</file_group_id>
   <file_group_id>100</file_group_id>
  </file_group_ids>
  <euids>
   <euid>0</euid>
  </euids>
  <egids>
   <egid>0</egid>
  </egids>
  <ruids>
   <ruid>100</ruid>
  </ruids>
  <rgids>
   <rgid>0</rgid>
  </rgids>
  <cluster_size>16</cluster_size>
 </cluster>
 <cluster>
  <syscall>CHDIR1</syscall>
  <path_length_mean>51.0</path_length_mean>
  <path_length_variance>0.00</path_length_variance>
  <path_depth_mean>6.00</path_depth_mean>
  <path_depth_variance>0.00</path_depth_variance>
  <filenames>
   <filename>data</filename>
  </filenames>
  <retValues>
   <retValue>0</retValue>
  </retValues>
  <paths>
   <path>/export/home/adrieni/work/old/TimingExperiment/data</path>
  </paths>
  <filemodes>
   <filemode>4077</filemode>
  </filemodes>
  <file_owner_ids>
   <file_owner_id>2133</file_owner_id>
  </file_owner_ids>
  <file_group_ids>
   <file_group_id>100</file_group_id>
  </file_group_ids>
  <euids>
   <euid>2133</euid>
  </euids>
  <egids>
   <egid>0</egid>
  </egids>
  <ruids>
   <ruid>100</ruid>
  </ruids>
  <rgids>
   <rgid>0</rgid>
  </rgids>
  <cluster_size>1</cluster_size>
 </cluster>
 <cluster>
  <syscall>CHDIR2</syscall>
  <path_length_mean>48.0</path_length_mean>
  <path_length_variance>0.00</path_length_variance>
  <path_depth_mean>7.00</path_depth_mean>
  <path_depth_variance>0.00</path_depth_variance>
  <filenames>
   <filename>portscan</filename>
  </filenames>
  <retValues>
   <retValue>0</retValue>
  </retValues>
  <paths>
   <path>/export/home/alie/fwtk/fwtk/tools/admin/portscan</path>
  </paths>
  <filemodes>
   <filemode>4075</filemode>
  </filemodes>
  <file_owner_ids>
   <file_owner_id>2110</file_owner_id>
  </file_owner_ids>
  <file_group_ids>
   <file_group_id>100</file_group_id>
  </file_group_ids>
  <euids>
   <euid>2110</euid>
  </euids>
  <egids>
   <egid>0</egid>
  </egids>
  <ruids>
   <ruid>100</ruid>
  </ruids>
  <rgids>
   <rgid>0</rgid>
  </rgids>
  <cluster_size>1</cluster_size>
 </cluster>
 <cluster>
  <syscall>CHDIR3</syscall>
  <path_length_mean>25.3</path_length_mean>
  <path_length_variance>5.33</path_length_variance>
  <path_depth_mean>3.00</path_depth_mean>
  <path_depth_variance>0.00</path_depth_variance>
  <filenames>
   <filename>histories</filename>
   <filename>ftp</filename>
   <filename>docs</filename>
  </filenames>
  <retValues>
   <retValue>0</retValue>
  </retValues>
  <paths>
   <path>/export/home/avrap/histories</path>
   <path>/export/home/parkerm/ftp</path>
   <path>/export/home/romeob/docs</path>
  </paths>
  <filemodes>
   <filemode>4077</filemode>
  </filemodes>
  <file_owner_ids>
   <file_owner_id>2103</file_owner_id>
   <file_owner_id>2121</file_owner_id>
   <file_owner_id>2129</file_owner_id>
  </file_owner_ids>
  <file_group_ids>
   <file_group_id>100</file_group_id>
  </file_group_ids>
  <euids>
   <euid>2103</euid>
   <euid>2121</euid>
   <euid>2129</euid>
  </euids>
  <egids>
   <egid>0</egid>
  </egids>
  <ruids>
   <ruid>100</ruid>
  </ruids>
  <rgids>
   <rgid>0</rgid>
  </rgids>
  <cluster_size>3</cluster_size>
 </cluster>
 <cluster>
  <syscall>CHDIR4</syscall>
  <path_length_mean>36.3</path_length_mean>
  <path_length_variance>1.33</path_length_variance>
  <path_depth_mean>5.00</path_depth_mean>
  <path_depth_variance>0.00</path_depth_variance>
  <filenames>
   <filename>netacl</filename>
   <filename>syll</filename>
   <filename>tools</filename>
  </filenames>
  <retValues>
   <retValue>0</retValue>
  </retValues>
  <paths>
   <path>/export/home/charlab/fwtk/fwtk/netacl</path>
   <path>/export/home/grzegors/docs/dance/syll</path>
   <path>/export/home/marlyy/fwtk/fwtk/tools</path>
  </paths>
  <filemodes>
   <filemode>4075</filemode>
  </filemodes>
  <file_owner_ids>
   <file_owner_id>2101</file_owner_id>
   <file_owner_id>2114</file_owner_id>
   <file_owner_id>2100</file_owner_id>
  </file_owner_ids>
  <file_group_ids>
   <file_group_id>100</file_group_id>
  </file_group_ids>
  <euids>
   <euid>2101</euid>
   <euid>2114</euid>
   <euid>2100</euid>
  </euids>
  <egids>
   <egid>0</egid>
  </egids>
  <ruids>
   <ruid>100</ruid>
  </ruids>
  <rgids>
   <rgid>0</rgid>
  </rgids>
  <cluster_size>3</cluster_size>
 </cluster>
 <cluster>
  <syscall>CHDIR5</syscall>
  <path_length_mean>51.0</path_length_mean>
  <path_length_variance>0.00</path_length_variance>
  <path_depth_mean>8.00</path_depth_mean>
  <path_depth_variance>0.00</path_depth_variance>
  <filenames>
   <filename>reg</filename>
  </filenames>
  <retValues>
   <retValue>0</retValue>
  </retValues>
  <paths>
   <path>/export/home/huws/fwtk/fwtk/tools/server/syslog/reg</path>
  </paths>
  <filemodes>
   <filemode>4077</filemode>
  </filemodes>
  <file_owner_ids>
   <file_owner_id>2112</file_owner_id>
  </file_owner_ids>
  <file_group_ids>
   <file_group_id>100</file_group_id>
  </file_group_ids>
  <euids>
   <euid>2112</euid>
  </euids>
  <egids>
   <egid>0</egid>
  </egids>
  <ruids>
   <ruid>100</ruid>
  </ruids>
  <rgids>
   <rgid>0</rgid>
  </rgids>
  <cluster_size>1</cluster_size>
 </cluster>
 <cluster>
  <syscall>CHDIR6</syscall>
  <path_length_mean>71.5</path_length_mean>
  <path_length_variance>40.5</path_length_variance>
  <path_depth_mean>8.00</path_depth_mean>
  <path_depth_variance>0.00</path_depth_variance>
  <filenames>
   <filename>bpf</filename>
   <filename>linux-include</filename>
  </filenames>
  <retValues>
   <retValue>0</retValue>
  </retValues>
  <paths>
   <path>/export/home/katinas/work/simulation/attacks/nmap/libpcap-0.4a6/bpf</path>
   <path>/export/home/soniac/work/simulation/attacks/nmap/libpcap-0.4a6/linux-include</path>
  </paths>
  <filemodes>
   <filemode>4075</filemode>
  </filemodes>
  <file_owner_ids>
   <file_owner_id>2098</file_owner_id>
   <file_owner_id>2097</file_owner_id>
  </file_owner_ids>
  <file_group_ids>
   <file_group_id>100</file_group_id>
  </file_group_ids>
  <euids>
   <euid>2098</euid>
   <euid>2097</euid>
  </euids>
  <egids>
   <egid>0</egid>
  </egids>
  <ruids>
   <ruid>100</ruid>
  </ruids>
  <rgids>
   <rgid>0</rgid>
  </rgids>
  <cluster_size>2</cluster_size>
 </cluster>
 <cluster>
  <syscall>CHDIR7</syscall>
  <path_length_mean>75.0</path_length_mean>
  <path_length_variance>0.00</path_length_variance>
  <path_depth_mean>9.00</path_depth_mean>
  <path_depth_variance>0.00</path_depth_variance>
  <filenames>
   <filename>imapver</filename>
  </filenames>
  <retValues>
   <retValue>0</retValue>
  </retValues>
  <paths>
   <path>/export/home/mariel/Attacks/attacks/imapd/impack103/sources/scanerz/imapver</path>
  </paths>
  <filemodes>
   <filemode>4075</filemode>
  </filemodes>
  <file_owner_ids>
   <file_owner_id>2132</file_owner_id>
  </file_owner_ids>
  <file_group_ids>
   <file_group_id>100</file_group_id>
  </file_group_ids>
  <euids>
   <euid>2132</euid>
  </euids>
  <egids>
   <egid>0</egid>
  </egids>
  <ruids>
   <ruid>100</ruid>
  </ruids>
  <rgids>
   <rgid>0</rgid>
  </rgids>
  <cluster_size>1</cluster_size>
 </cluster>
 <cluster>
  <syscall>CHDIR8</syscall>
  <path_length_mean>41.0</path_length_mean>
  <path_length_variance>0.00</path_length_variance>
  <path_depth_mean>4.00</path_depth_mean>
  <path_depth_variance>0.00</path_depth_variance>
  <filenames>
   <filename>Outgoing</filename>
  </filenames>
  <retValues>
   <retValue>0</retValue>
  </retValues>
  <paths>
   <path>/export/home/marlync/NewProjects/Outgoing</path>
  </paths>
  <filemodes>
   <filemode>4077</filemode>
  </filemodes>
  <file_owner_ids>
   <file_owner_id>2131</file_owner_id>
  </file_owner_ids>
  <file_group_ids>
   <file_group_id>100</file_group_id>
  </file_group_ids>
  <euids>
   <euid>2131</euid>
  </euids>
  <egids>
   <egid>0</egid>
  </egids>
  <ruids>
   <ruid>100</ruid>
  </ruids>
  <rgids>
   <rgid>0</rgid>
  </rgids>
  <cluster_size>1</cluster_size>
 </cluster>
 <cluster>
  <syscall>CHDIR9</syscall>
  <path_length_mean>51.0</path_length_mean>
  <path_length_variance>0.00</path_length_variance>
  <path_depth_mean>6.00</path_depth_mean>
  <path_depth_variance>0.00</path_depth_variance>
  <filenames>
   <filename>Sparc</filename>
  </filenames>
  <retValues>
   <retValue>0</retValue>
  </retValues>
  <paths>
   <path>/export/home/mistyd/NewProjects/Working/Linux/Sparc</path>
  </paths>
  <filemodes>
   <filemode>4075</filemode>
  </filemodes>
  <file_owner_ids>
   <file_owner_id>2134</file_owner_id>
  </file_owner_ids>
  <file_group_ids>
   <file_group_id>100</file_group_id>
  </file_group_ids>
  <euids>
   <euid>2134</euid>
  </euids>
  <egids>
   <egid>0</egid>
  </egids>
  <ruids>
   <ruid>100</ruid>
  </ruids>
  <rgids>
   <rgid>0</rgid>
  </rgids>
  <cluster_size>1</cluster_size>
 </cluster>
 <cluster>
  <syscall>CHDIR10</syscall>
  <path_length_mean>50.0</path_length_mean>
  <path_length_variance>0.00</path_length_variance>
  <path_depth_mean>6.00</path_depth_mean>
  <path_depth_variance>0.00</path_depth_variance>
  <filenames>
   <filename>backup</filename>
  </filenames>
  <retValues>
   <retValue>0</retValue>
  </retValues>
  <paths>
   <path>/export/home/virginil/work/tcptrans/tcpread/backup</path>
  </paths>
  <filemodes>
   <filemode>4077</filemode>
  </filemodes>
  <file_owner_ids>
   <file_owner_id>2108</file_owner_id>
  </file_owner_ids>
  <file_group_ids>
   <file_group_id>100</file_group_id>
  </file_group_ids>
  <euids>
   <euid>2108</euid>
  </euids>
  <egids>
   <egid>0</egid>
  </egids>
  <ruids>
   <ruid>100</ruid>
  </ruids>
  <rgids>
   <rgid>0</rgid>
  </rgids>
  <cluster_size>1</cluster_size>
 </cluster>
 <cluster>
  <syscall>CHDIR11</syscall>
  <path_length_mean>14.0</path_length_mean>
  <path_length_variance>0.00</path_length_variance>
  <path_depth_mean>2.00</path_depth_mean>
  <path_depth_variance>0.00</path_depth_variance>
  <filenames>
   <filename>src</filename>
  </filenames>
  <retValues>
   <retValue>0</retValue>
  </retValues>
  <paths>
   <path>/opt/local/src</path>
  </paths>
  <filemodes>
   <filemode>4075</filemode>
  </filemodes>
  <file_owner_ids>
   <file_owner_id>0</file_owner_id>
  </file_owner_ids>
  <file_group_ids>
   <file_group_id>1</file_group_id>
  </file_group_ids>
  <euids>
   <euid>2051</euid>
  </euids>
  <egids>
   <egid>0</egid>
  </egids>
  <ruids>
   <ruid>100</ruid>
  </ruids>
  <rgids>
   <rgid>0</rgid>
  </rgids>
  <cluster_size>1</cluster_size>
 </cluster>
</chdir>
