<?xml version="1.0" encoding="ISO-8859-1"?>
<close>
 <cluster>
  <syscall>CLOSE0</syscall>
  <path_length_mean>4.75</path_length_mean>
  <path_length_variance>56.2</path_length_variance>
  <path_depth_mean>0.75</path_depth_mean>
  <path_depth_variance>2.25</path_depth_variance>
  <filenames>
   <filename></filename>
   <filename>lastlog</filename>
  </filenames>
  <retValues>
   <retValue>0</retValue>
  </retValues>
  <paths>
   <path>/</path>
   <path>/var/adm/lastlog</path>
  </paths>
  <filemodes>
   <filemode>4075</filemode>
  </filemodes>
  <file_owner_ids>
   <file_owner_id>0</file_owner_id>
  </file_owner_ids>
  <file_group_ids>
   <file_group_id>0</file_group_id>
  </file_group_ids>
  <euids>
   <euid>0</euid>
  </euids>
  <egids>
   <egid>0</egid>
  </egids>
  <ruids>
   <ruid>0</ruid>
  </ruids>
  <rgids>
   <rgid>0</rgid>
  </rgids>
  <cluster_size>4</cluster_size>
 </cluster>
 <cluster>
  <syscall>CLOSE1</syscall>
  <path_length_mean>27.0</path_length_mean>
  <path_length_variance>0.16</path_length_variance>
  <path_depth_mean>3.00</path_depth_mean>
  <path_depth_variance>0.00</path_depth_variance>
  <filenames>
   <filename>clone@0:tcp</filename>
   <filename>clone@0:udp</filename>
   <filename>tl@0:ticlts</filename>
   <filename>tl@0:ticots</filename>
   <filename>tl@0:ticotsord</filename>
  </filenames>
  <retValues>
   <retValue>0</retValue>
  </retValues>
  <paths>
   <path>/devices/pseudo/clone@0:tcp</path>
   <path>/devices/pseudo/clone@0:udp</path>
   <path>/devices/pseudo/tl@0:ticlts</path>
   <path>/devices/pseudo/tl@0:ticots</path>
   <path>/devices/pseudo/tl@0:ticotsord</path>
  </paths>
  <filemodes>
   <filemode>4075</filemode>
  </filemodes>
  <file_owner_ids>
   <file_owner_id>0</file_owner_id>
  </file_owner_ids>
  <file_group_ids>
   <file_group_id>0</file_group_id>
  </file_group_ids>
  <euids>
   <euid>0</euid>
  </euids>
  <egids>
   <egid>0</egid>
  </egids>
  <ruids>
   <ruid>100</ruid>
   <ruid>0</ruid>
   <ruid>2051</ruid>
   <ruid>2097</ruid>
   <ruid>2098</ruid>
   <ruid>2100</ruid>
   <ruid>2101</ruid>
   <ruid>2103</ruid>
   <ruid>2108</ruid>
   <ruid>2110</ruid>
   <ruid>2112</ruid>
   <ruid>2114</ruid>
   <ruid>2121</ruid>
   <ruid>2129</ruid>
   <ruid>2131</ruid>
   <ruid>2132</ruid>
   <ruid>2134</ruid>
  </ruids>
  <rgids>
   <rgid>0</rgid>
  </rgids>
  <cluster_size>56</cluster_size>
 </cluster>
 <cluster>
  <syscall>CLOSE2</syscall>
  <path_length_mean>25.0</path_length_mean>
  <path_length_variance>0.00</path_length_variance>
  <path_depth_mean>3.00</path_depth_mean>
  <path_depth_variance>0.00</path_depth_variance>
  <filenames>
   <filename>mm@0:null</filename>
   <filename>mm@0:zero</filename>
  </filenames>
  <retValues>
   <retValue>0</retValue>
  </retValues>
  <paths>
   <path>/devices/pseudo/mm@0:null</path>
   <path>/devices/pseudo/mm@0:zero</path>
  </paths>
  <filemodes>
   <filemode>4075</filemode>
  </filemodes>
  <file_owner_ids>
   <file_owner_id>0</file_owner_id>
  </file_owner_ids>
  <file_group_ids>
   <file_group_id>3</file_group_id>
  </file_group_ids>
  <euids>
   <euid>0</euid>
  </euids>
  <egids>
   <egid>0</egid>
  </egids>
  <ruids>
   <ruid>100</ruid>
   <ruid>0</ruid>
  </ruids>
  <rgids>
   <rgid>0</rgid>
  </rgids>
  <cluster_size>2</cluster_size>
 </cluster>
 <cluster>
  <syscall>CLOSE3</syscall>
  <path_length_mean>13.7</path_length_mean>
  <path_length_variance>8.01</path_length_variance>
  <path_depth_mean>2.40</path_depth_mean>
  <path_depth_variance>0.26</path_depth_variance>
  <filenames>
   <filename>login</filename>
   <filename>netconfig</filename>
   <filename>nsswitch.conf</filename>
   <filename>passwd</filename>
   <filename>shadow</filename>
   <filename>shells</filename>
   <filename>lastlog</filename>
   <filename>wtmp</filename>
   <filename>wtmpx</filename>
  </filenames>
  <retValues>
   <retValue>0</retValue>
  </retValues>
  <paths>
   <path>/etc/default/login</path>
   <path>/etc/netconfig</path>
   <path>/etc/nsswitch.conf</path>
   <path>/etc/passwd</path>
   <path>/etc/shadow</path>
   <path>/etc/shells</path>
   <path>/var/adm/lastlog</path>
   <path>/var/adm/wtmp</path>
   <path>/var/adm/wtmpx</path>
  </paths>
  <filemodes>
   <filemode>2000</filemode>
  </filemodes>
  <file_owner_ids>
   <file_owner_id>0</file_owner_id>
  </file_owner_ids>
  <file_group_ids>
   <file_group_id>3</file_group_id>
   <file_group_id>1</file_group_id>
  </file_group_ids>
  <euids>
   <euid>0</euid>
  </euids>
  <egids>
   <egid>0</egid>
  </egids>
  <ruids>
   <ruid>0</ruid>
  </ruids>
  <rgids>
   <rgid>0</rgid>
  </rgids>
  <cluster_size>10</cluster_size>
 </cluster>
 <cluster>
  <syscall>CLOSE4</syscall>
  <path_length_mean>12.3</path_length_mean>
  <path_length_variance>4.33</path_length_variance>
  <path_depth_mean>2.66</path_depth_mean>
  <path_depth_variance>0.33</path_depth_variance>
  <filenames>
   <filename>group</filename>
   <filename>wtmp</filename>
   <filename>wtmpx</filename>
  </filenames>
  <retValues>
   <retValue>0</retValue>
  </retValues>
  <paths>
   <path>/etc/group</path>
   <path>/var/adm/wtmp</path>
   <path>/var/adm/wtmpx</path>
  </paths>
  <filemodes>
   <filemode>2000</filemode>
  </filemodes>
  <file_owner_ids>
   <file_owner_id>0</file_owner_id>
  </file_owner_ids>
  <file_group_ids>
   <file_group_id>3</file_group_id>
   <file_group_id>1</file_group_id>
  </file_group_ids>
  <euids>
   <euid>0</euid>
  </euids>
  <egids>
   <egid>0</egid>
  </egids>
  <ruids>
   <ruid>0</ruid>
  </ruids>
  <rgids>
   <rgid>100</rgid>
  </rgids>
  <cluster_size>3</cluster_size>
 </cluster>
 <cluster>
  <syscall>CLOSE5</syscall>
  <path_length_mean>23.0</path_length_mean>
  <path_length_variance>0.00</path_length_variance>
  <path_depth_mean>2.00</path_depth_mean>
  <path_depth_variance>0.00</path_depth_variance>
  <filenames>
   <filename>.name_service_door</filename>
  </filenames>
  <retValues>
   <retValue>0</retValue>
  </retValues>
  <paths>
   <path>/etc/.name_service_door</path>
  </paths>
  <filemodes>
   <filemode>2000</filemode>
  </filemodes>
  <file_owner_ids>
   <file_owner_id>0</file_owner_id>
  </file_owner_ids>
  <file_group_ids>
   <file_group_id>0</file_group_id>
  </file_group_ids>
  <euids>
   <euid>0</euid>
  </euids>
  <egids>
   <egid>0</egid>
  </egids>
  <ruids>
   <ruid>0</ruid>
   <ruid>100</ruid>
  </ruids>
  <rgids>
   <rgid>0</rgid>
  </rgids>
  <cluster_size>2</cluster_size>
 </cluster>
 <cluster>
  <syscall>CLOSE6</syscall>
  <path_length_mean>25.5</path_length_mean>
  <path_length_variance>1.50</path_length_variance>
  <path_depth_mean>3.00</path_depth_mean>
  <path_depth_variance>0.00</path_depth_variance>
  <filenames>
   <filename>audit_class</filename>
   <filename>audit_control</filename>
   <filename>audit_event</filename>
   <filename>audit_user</filename>
  </filenames>
  <retValues>
   <retValue>0</retValue>
  </retValues>
  <paths>
   <path>/etc/security/audit_class</path>
   <path>/etc/security/audit_control</path>
   <path>/etc/security/audit_event</path>
   <path>/etc/security/audit_user</path>
  </paths>
  <filemodes>
   <filemode>2000</filemode>
  </filemodes>
  <file_owner_ids>
   <file_owner_id>0</file_owner_id>
  </file_owner_ids>
  <file_group_ids>
   <file_group_id>1</file_group_id>
  </file_group_ids>
  <euids>
   <euid>0</euid>
  </euids>
  <egids>
   <egid>0</egid>
  </egids>
  <ruids>
   <ruid>0</ruid>
  </ruids>
  <rgids>
   <rgid>100</rgid>
   <rgid>0</rgid>
  </rgids>
  <cluster_size>6</cluster_size>
 </cluster>
 <cluster>
  <syscall>CLOSE7</syscall>
  <path_length_mean>25.5</path_length_mean>
  <path_length_variance>2.32</path_length_variance>
  <path_depth_mean>3.00</path_depth_mean>
  <path_depth_variance>0.00</path_depth_variance>
  <filenames>
   <filename>audit_control</filename>
   <filename>audit_user</filename>
  </filenames>
  <retValues>
   <retValue>0</retValue>
  </retValues>
  <paths>
   <path>/etc/security/audit_control</path>
   <path>/etc/security/audit_user</path>
  </paths>
  <filemodes>
   <filemode>2000</filemode>
  </filemodes>
  <file_owner_ids>
   <file_owner_id>0</file_owner_id>
  </file_owner_ids>
  <file_group_ids>
   <file_group_id>1</file_group_id>
  </file_group_ids>
  <euids>
   <euid>0</euid>
  </euids>
  <egids>
   <egid>2051</egid>
   <egid>2097</egid>
   <egid>2098</egid>
   <egid>2100</egid>
   <egid>2101</egid>
   <egid>2103</egid>
   <egid>2108</egid>
   <egid>2110</egid>
   <egid>2112</egid>
   <egid>2114</egid>
   <egid>2121</egid>
   <egid>2129</egid>
   <egid>2131</egid>
   <egid>2132</egid>
   <egid>2133</egid>
   <egid>2134</egid>
  </egids>
  <ruids>
   <ruid>0</ruid>
  </ruids>
  <rgids>
   <rgid>100</rgid>
  </rgids>
  <cluster_size>32</cluster_size>
 </cluster>
 <cluster>
  <syscall>CLOSE8</syscall>
  <path_length_mean>48.0</path_length_mean>
  <path_length_variance>0.00</path_length_variance>
  <path_depth_mean>8.00</path_depth_mean>
  <path_depth_variance>0.00</path_depth_variance>
  <filenames>
   <filename>portscan</filename>
  </filenames>
  <retValues>
   <retValue>0</retValue>
  </retValues>
  <paths>
   <path>/export/home/alie/fwtk/fwtk/tools/admin/portscan</path>
  </paths>
  <filemodes>
   <filemode>2000</filemode>
  </filemodes>
  <file_owner_ids>
   <file_owner_id>2110</file_owner_id>
  </file_owner_ids>
  <file_group_ids>
   <file_group_id>100</file_group_id>
  </file_group_ids>
  <euids>
   <euid>0</euid>
  </euids>
  <egids>
   <egid>2110</egid>
  </egids>
  <ruids>
   <ruid>0</ruid>
  </ruids>
  <rgids>
   <rgid>100</rgid>
  </rgids>
  <cluster_size>1</cluster_size>
 </cluster>
 <cluster>
  <syscall>CLOSE9</syscall>
  <path_length_mean>26.0</path_length_mean>
  <path_length_variance>8.00</path_length_variance>
  <path_depth_mean>4.00</path_depth_mean>
  <path_depth_variance>0.00</path_depth_variance>
  <filenames>
   <filename>histories</filename>
   <filename>ftp</filename>
  </filenames>
  <retValues>
   <retValue>0</retValue>
  </retValues>
  <paths>
   <path>/export/home/avrap/histories</path>
   <path>/export/home/parkerm/ftp</path>
  </paths>
  <filemodes>
   <filemode>2000</filemode>
  </filemodes>
  <file_owner_ids>
   <file_owner_id>2103</file_owner_id>
   <file_owner_id>2121</file_owner_id>
  </file_owner_ids>
  <file_group_ids>
   <file_group_id>100</file_group_id>
  </file_group_ids>
  <euids>
   <euid>0</euid>
  </euids>
  <egids>
   <egid>2103</egid>
   <egid>2121</egid>
  </egids>
  <ruids>
   <ruid>0</ruid>
  </ruids>
  <rgids>
   <rgid>100</rgid>
  </rgids>
  <cluster_size>2</cluster_size>
 </cluster>
 <cluster>
  <syscall>CLOSE10</syscall>
  <path_length_mean>46.3</path_length_mean>
  <path_length_variance>69.3</path_length_variance>
  <path_depth_mean>6.66</path_depth_mean>
  <path_depth_variance>0.33</path_depth_variance>
  <filenames>
   <filename>syll</filename>
   <filename>int_syllabus.ps</filename>
   <filename>I_waltz.txt</filename>
  </filenames>
  <retValues>
   <retValue>0</retValue>
  </retValues>
  <paths>
   <path>/export/home/grzegors/docs/dance/syll</path>
   <path>/export/home/grzegors/docs/dance/syll/int_syllabus.ps</path>
   <path>/export/home/grzegors/docs/dance/syll/I_waltz.txt</path>
  </paths>
  <filemodes>
   <filemode>2000</filemode>
  </filemodes>
  <file_owner_ids>
   <file_owner_id>2114</file_owner_id>
  </file_owner_ids>
  <file_group_ids>
   <file_group_id>100</file_group_id>
  </file_group_ids>
  <euids>
   <euid>0</euid>
  </euids>
  <egids>
   <egid>2114</egid>
  </egids>
  <ruids>
   <ruid>0</ruid>
  </ruids>
  <rgids>
   <rgid>100</rgid>
  </rgids>
  <cluster_size>3</cluster_size>
 </cluster>
 <cluster>
  <syscall>CLOSE11</syscall>
  <path_length_mean>67.0</path_length_mean>
  <path_length_variance>0.00</path_length_variance>
  <path_depth_mean>9.00</path_depth_mean>
  <path_depth_variance>0.00</path_depth_variance>
  <filenames>
   <filename>bpf</filename>
  </filenames>
  <retValues>
   <retValue>0</retValue>
  </retValues>
  <paths>
   <path>/export/home/katinas/work/simulation/attacks/nmap/libpcap-0.4a6/bpf</path>
  </paths>
  <filemodes>
   <filemode>2000</filemode>
  </filemodes>
  <file_owner_ids>
   <file_owner_id>2098</file_owner_id>
  </file_owner_ids>
  <file_group_ids>
   <file_group_id>100</file_group_id>
  </file_group_ids>
  <euids>
   <euid>0</euid>
  </euids>
  <egids>
   <egid>2098</egid>
  </egids>
  <ruids>
   <ruid>0</ruid>
  </ruids>
  <rgids>
   <rgid>100</rgid>
  </rgids>
  <cluster_size>1</cluster_size>
 </cluster>
 <cluster>
  <syscall>CLOSE12</syscall>
  <path_length_mean>75.0</path_length_mean>
  <path_length_variance>0.00</path_length_variance>
  <path_depth_mean>10.0</path_depth_mean>
  <path_depth_variance>0.00</path_depth_variance>
  <filenames>
   <filename>imapver</filename>
  </filenames>
  <retValues>
   <retValue>0</retValue>
  </retValues>
  <paths>
   <path>/export/home/mariel/Attacks/attacks/imapd/impack103/sources/scanerz/imapver</path>
  </paths>
  <filemodes>
   <filemode>2000</filemode>
  </filemodes>
  <file_owner_ids>
   <file_owner_id>2132</file_owner_id>
  </file_owner_ids>
  <file_group_ids>
   <file_group_id>100</file_group_id>
  </file_group_ids>
  <euids>
   <euid>0</euid>
  </euids>
  <egids>
   <egid>2132</egid>
  </egids>
  <ruids>
   <ruid>0</ruid>
  </ruids>
  <rgids>
   <rgid>100</rgid>
  </rgids>
  <cluster_size>1</cluster_size>
 </cluster>
 <cluster>
  <syscall>CLOSE13</syscall>
  <path_length_mean>50.8</path_length_mean>
  <path_length_variance>40.2</path_length_variance>
  <path_depth_mean>5.80</path_depth_mean>
  <path_depth_variance>0.20</path_depth_variance>
  <filenames>
   <filename>Outgoing</filename>
   <filename>log.tar</filename>
   <filename>myflood.tar</filename>
   <filename>rootkitSunOS.tgz</filename>
   <filename>rootkit.zip</filename>
  </filenames>
  <retValues>
   <retValue>0</retValue>
  </retValues>
  <paths>
   <path>/export/home/marlync/NewProjects/Outgoing</path>
   <path>/export/home/marlync/NewProjects/Outgoing/log.tar</path>
   <path>/export/home/marlync/NewProjects/Outgoing/myflood.tar</path>
   <path>/export/home/marlync/NewProjects/Outgoing/rootkitSunOS.tgz</path>
   <path>/export/home/marlync/NewProjects/Outgoing/rootkit.zip</path>
  </paths>
  <filemodes>
   <filemode>2000</filemode>
  </filemodes>
  <file_owner_ids>
   <file_owner_id>2131</file_owner_id>
  </file_owner_ids>
  <file_group_ids>
   <file_group_id>100</file_group_id>
  </file_group_ids>
  <euids>
   <euid>0</euid>
  </euids>
  <egids>
   <egid>2131</egid>
  </egids>
  <ruids>
   <ruid>0</ruid>
  </ruids>
  <rgids>
   <rgid>100</rgid>
  </rgids>
  <cluster_size>5</cluster_size>
 </cluster>
 <cluster>
  <syscall>CLOSE14</syscall>
  <path_length_mean>70.0</path_length_mean>
  <path_length_variance>0.00</path_length_variance>
  <path_depth_mean>6.00</path_depth_mean>
  <path_depth_variance>0.00</path_depth_variance>
  <filenames>
   <filename>rootkit-linux-rootshell2.tgz</filename>
  </filenames>
  <retValues>
   <retValue>0</retValue>
  </retValues>
  <paths>
   <path>/export/home/marlync/NewProjects/Outgoing/rootkit-linux-rootshell2.tgz</path>
  </paths>
  <filemodes>
   <filemode>2000</filemode>
  </filemodes>
  <file_owner_ids>
   <file_owner_id>2131</file_owner_id>
  </file_owner_ids>
  <file_group_ids>
   <file_group_id>100</file_group_id>
  </file_group_ids>
  <euids>
   <euid>0</euid>
  </euids>
  <egids>
   <egid>2131</egid>
  </egids>
  <ruids>
   <ruid>0</ruid>
  </ruids>
  <rgids>
   <rgid>100</rgid>
  </rgids>
  <cluster_size>1</cluster_size>
 </cluster>
 <cluster>
  <syscall>CLOSE15</syscall>
  <path_length_mean>56.0</path_length_mean>
  <path_length_variance>50.0</path_length_variance>
  <path_depth_mean>7.50</path_depth_mean>
  <path_depth_variance>0.50</path_depth_variance>
  <filenames>
   <filename>Sparc</filename>
   <filename>lprhack.c</filename>
  </filenames>
  <retValues>
   <retValue>0</retValue>
  </retValues>
  <paths>
   <path>/export/home/mistyd/NewProjects/Working/Linux/Sparc</path>
   <path>/export/home/mistyd/NewProjects/Working/Linux/Sparc/lprhack.c</path>
  </paths>
  <filemodes>
   <filemode>2000</filemode>
  </filemodes>
  <file_owner_ids>
   <file_owner_id>2134</file_owner_id>
  </file_owner_ids>
  <file_group_ids>
   <file_group_id>100</file_group_id>
  </file_group_ids>
  <euids>
   <euid>0</euid>
  </euids>
  <egids>
   <egid>2134</egid>
  </egids>
  <ruids>
   <ruid>0</ruid>
  </ruids>
  <rgids>
   <rgid>100</rgid>
  </rgids>
  <cluster_size>2</cluster_size>
 </cluster>
 <cluster>
  <syscall>CLOSE16</syscall>
  <path_length_mean>28.5</path_length_mean>
  <path_length_variance>40.5</path_length_variance>
  <path_depth_mean>4.50</path_depth_mean>
  <path_depth_variance>0.50</path_depth_variance>
  <filenames>
   <filename>docs</filename>
   <filename>demo.txt</filename>
  </filenames>
  <retValues>
   <retValue>0</retValue>
  </retValues>
  <paths>
   <path>/export/home/romeob/docs</path>
   <path>/export/home/romeob/docs/demo.txt</path>
  </paths>
  <filemodes>
   <filemode>2000</filemode>
  </filemodes>
  <file_owner_ids>
   <file_owner_id>2129</file_owner_id>
  </file_owner_ids>
  <file_group_ids>
   <file_group_id>100</file_group_id>
  </file_group_ids>
  <euids>
   <euid>0</euid>
  </euids>
  <egids>
   <egid>2129</egid>
  </egids>
  <ruids>
   <ruid>0</ruid>
  </ruids>
  <rgids>
   <rgid>100</rgid>
  </rgids>
  <cluster_size>2</cluster_size>
 </cluster>
 <cluster>
  <syscall>CLOSE17</syscall>
  <path_length_mean>57.8</path_length_mean>
  <path_length_variance>14.1</path_length_variance>
  <path_depth_mean>7.90</path_depth_mean>
  <path_depth_variance>0.10</path_depth_variance>
  <filenames>
   <filename>1.dest</filename>
   <filename>1.src</filename>
   <filename>2.src</filename>
   <filename>backup</filename>
   <filename>print.c</filename>
   <filename>readpkt.c</filename>
   <filename>tools.c</filename>
   <filename>xcript.c</filename>
   <filename>xcript_funct.c</filename>
   <filename>xcript.h</filename>
  </filenames>
  <retValues>
   <retValue>0</retValue>
  </retValues>
  <paths>
   <path>/export/home/virginil/work/tcptrans/tcpread/backup/1.dest</path>
   <path>/export/home/virginil/work/tcptrans/tcpread/backup/1.src</path>
   <path>/export/home/virginil/work/tcptrans/tcpread/backup/2.src</path>
   <path>/export/home/virginil/work/tcptrans/tcpread/backup</path>
   <path>/export/home/virginil/work/tcptrans/tcpread/backup/print.c</path>
   <path>/export/home/virginil/work/tcptrans/tcpread/backup/readpkt.c</path>
   <path>/export/home/virginil/work/tcptrans/tcpread/backup/tools.c</path>
   <path>/export/home/virginil/work/tcptrans/tcpread/backup/xcript.c</path>
   <path>/export/home/virginil/work/tcptrans/tcpread/backup/xcript_funct.c</path>
   <path>/export/home/virginil/work/tcptrans/tcpread/backup/xcript.h</path>
  </paths>
  <filemodes>
   <filemode>2000</filemode>
  </filemodes>
  <file_owner_ids>
   <file_owner_id>2108</file_owner_id>
  </file_owner_ids>
  <file_group_ids>
   <file_group_id>100</file_group_id>
  </file_group_ids>
  <euids>
   <euid>0</euid>
  </euids>
  <egids>
   <egid>2108</egid>
  </egids>
  <ruids>
   <ruid>0</ruid>
  </ruids>
  <rgids>
   <rgid>100</rgid>
  </rgids>
  <cluster_size>10</cluster_size>
 </cluster>
 <cluster>
  <syscall>CLOSE18</syscall>
  <path_length_mean>75.0</path_length_mean>
  <path_length_variance>8.00</path_length_variance>
  <path_depth_mean>8.00</path_depth_mean>
  <path_depth_variance>0.00</path_depth_variance>
  <filenames>
   <filename>Oct-09-12:23:33.1.dest</filename>
   <filename>Oct-09-12:23:33.1.src.time</filename>
  </filenames>
  <retValues>
   <retValue>0</retValue>
  </retValues>
  <paths>
   <path>/export/home/virginil/work/tcptrans/tcpread/backup/Oct-09-12:23:33.1.dest</path>
   <path>/export/home/virginil/work/tcptrans/tcpread/backup/Oct-09-12:23:33.1.src.time</path>
  </paths>
  <filemodes>
   <filemode>2000</filemode>
  </filemodes>
  <file_owner_ids>
   <file_owner_id>2108</file_owner_id>
  </file_owner_ids>
  <file_group_ids>
   <file_group_id>100</file_group_id>
  </file_group_ids>
  <euids>
   <euid>0</euid>
  </euids>
  <egids>
   <egid>2108</egid>
  </egids>
  <ruids>
   <ruid>0</ruid>
  </ruids>
  <rgids>
   <rgid>100</rgid>
  </rgids>
  <cluster_size>2</cluster_size>
 </cluster>
 <cluster>
  <syscall>CLOSE19</syscall>
  <path_length_mean>36.0</path_length_mean>
  <path_length_variance>0.00</path_length_variance>
  <path_depth_mean>4.00</path_depth_mean>
  <path_depth_variance>0.00</path_depth_variance>
  <filenames>
   <filename>linux_netscape.tar.gz</filename>
  </filenames>
  <retValues>
   <retValue>0</retValue>
  </retValues>
  <paths>
   <path>/opt/local/src/linux_netscape.tar.gz</path>
  </paths>
  <filemodes>
   <filemode>2000</filemode>
  </filemodes>
  <file_owner_ids>
   <file_owner_id>0</file_owner_id>
  </file_owner_ids>
  <file_group_ids>
   <file_group_id>1</file_group_id>
  </file_group_ids>
  <euids>
   <euid>0</euid>
  </euids>
  <egids>
   <egid>2051</egid>
  </egids>
  <ruids>
   <ruid>0</ruid>
  </ruids>
  <rgids>
   <rgid>100</rgid>
  </rgids>
  <cluster_size>1</cluster_size>
 </cluster>
 <cluster>
  <syscall>CLOSE20</syscall>
  <path_length_mean>20.4</path_length_mean>
  <path_length_variance>3.67</path_length_variance>
  <path_depth_mean>3.00</path_depth_mean>
  <path_depth_variance>0.00</path_depth_variance>
  <filenames>
   <filename>libauth.so.1</filename>
   <filename>libbsm.so.1</filename>
   <filename>libc.so.1</filename>
   <filename>libdl.so.1</filename>
   <filename>libintl.so.1</filename>
   <filename>libmp.so.1</filename>
   <filename>libnsl.so.1</filename>
   <filename>libsocket.so.1</filename>
   <filename>libw.so.1</filename>
   <filename>nss_files.so.1</filename>
  </filenames>
  <retValues>
   <retValue>0</retValue>
  </retValues>
  <paths>
   <path>/usr/lib/libauth.so.1</path>
   <path>/usr/lib/libbsm.so.1</path>
   <path>/usr/lib/libc.so.1</path>
   <path>/usr/lib/libdl.so.1</path>
   <path>/usr/lib/libintl.so.1</path>
   <path>/usr/lib/libmp.so.1</path>
   <path>/usr/lib/libnsl.so.1</path>
   <path>/usr/lib/libsocket.so.1</path>
   <path>/usr/lib/libw.so.1</path>
   <path>/usr/lib/nss_files.so.1</path>
  </paths>
  <filemodes>
   <filemode>2000</filemode>
  </filemodes>
  <file_owner_ids>
   <file_owner_id>2</file_owner_id>
  </file_owner_ids>
  <file_group_ids>
   <file_group_id>2</file_group_id>
  </file_group_ids>
  <euids>
   <euid>0</euid>
  </euids>
  <egids>
   <egid>0</egid>
  </egids>
  <ruids>
   <ruid>0</ruid>
  </ruids>
  <rgids>
   <rgid>0</rgid>
   <rgid>100</rgid>
  </rgids>
  <cluster_size>11</cluster_size>
 </cluster>
 <cluster>
  <syscall>CLOSE21</syscall>
  <path_length_mean>33.0</path_length_mean>
  <path_length_variance>1.00</path_length_variance>
  <path_depth_mean>4.00</path_depth_mean>
  <path_depth_variance>0.00</path_depth_variance>
  <filenames>
   <filename>pam_authen.so.1</filename>
   <filename>pam_entry.so.1</filename>
   <filename>pam_session.so.1</filename>
  </filenames>
  <retValues>
   <retValue>0</retValue>
  </retValues>
  <paths>
   <path>/usr/lib/security/pam_authen.so.1</path>
   <path>/usr/lib/security/pam_entry.so.1</path>
   <path>/usr/lib/security/pam_session.so.1</path>
  </paths>
  <filemodes>
   <filemode>2000</filemode>
  </filemodes>
  <file_owner_ids>
   <file_owner_id>0</file_owner_id>
  </file_owner_ids>
  <file_group_ids>
   <file_group_id>3</file_group_id>
  </file_group_ids>
  <euids>
   <euid>0</euid>
  </euids>
  <egids>
   <egid>0</egid>
  </egids>
  <ruids>
   <ruid>0</ruid>
  </ruids>
  <rgids>
   <rgid>0</rgid>
  </rgids>
  <cluster_size>3</cluster_size>
 </cluster>
 <cluster>
  <syscall>CLOSE22</syscall>
  <path_length_mean>37.0</path_length_mean>
  <path_length_variance>0.00</path_length_variance>
  <path_depth_mean>5.00</path_depth_mean>
  <path_depth_variance>0.00</path_depth_variance>
  <filenames>
   <filename>libc_psr.so.1</filename>
  </filenames>
  <retValues>
   <retValue>0</retValue>
  </retValues>
  <paths>
   <path>/usr/platform/sun4u/lib/libc_psr.so.1</path>
  </paths>
  <filemodes>
   <filemode>2000</filemode>
  </filemodes>
  <file_owner_ids>
   <file_owner_id>2</file_owner_id>
  </file_owner_ids>
  <file_group_ids>
   <file_group_id>2</file_group_id>
  </file_group_ids>
  <euids>
   <euid>0</euid>
  </euids>
  <egids>
   <egid>0</egid>
  </egids>
  <ruids>
   <ruid>0</ruid>
  </ruids>
  <rgids>
   <rgid>0</rgid>
  </rgids>
  <cluster_size>1</cluster_size>
 </cluster>
</close>
