<?xml version="1.0" encoding="ISO-8859-1"?>
<execve>
 <cluster>
  <syscall>EXECVE0</syscall>
  <path_length_mean>19.0</path_length_mean>
  <path_length_variance>0.00</path_length_variance>
  <path_depth_mean>3.00</path_depth_mean>
  <path_depth_variance>0.00</path_depth_variance>
  <filenames>
   <filename>in.comsat</filename>
  </filenames>
  <nbr_argss>
   <nbr_args>0</nbr_args>
   <nbr_args>3</nbr_args>
  </nbr_argss>
  <args>
   <arg>arg1</arg>
   <arg>2</arg>
   <arg>arg3</arg>
  </args>
  <retValues>
   <retValue>0</retValue>
  </retValues>
  <paths>
   <path>/usr/sbin/in.comsat</path>
  </paths>
  <filemodes>
   <filemode>1005</filemode>
  </filemodes>
  <file_owner_ids>
   <file_owner_id>2</file_owner_id>
  </file_owner_ids>
  <file_group_ids>
   <file_group_id>2</file_group_id>
  </file_group_ids>
  <euids>
   <euid>0</euid>
  </euids>
  <egids>
   <egid>0</egid>
  </egids>
  <ruids>
   <ruid>0</ruid>
  </ruids>
  <rgids>
   <rgid>0</rgid>
  </rgids>
  <cluster_size>2</cluster_size>
 </cluster>
</execve>
