<?xml version="1.0" encoding="ISO-8859-1"?>
<open>
 <cluster>
  <syscall>OPEN0</syscall>
  <path_length_mean>0.00</path_length_mean>
  <path_length_variance>0.00</path_length_variance>
  <path_depth_mean>2.00</path_depth_mean>
  <path_depth_variance>0.00</path_depth_variance>
  <filenames>
   <filename>clone@0:tcp</filename>
  </filenames>
  <flags>
   <flag>0x3</flag>
  </flags>
  <retValues>
   <retValue>0</retValue>
  </retValues>
  <paths>
   <path>/devices/pseudo/clone@0:tcp</path>
  </paths>
  <filemodes>
   <filemode>2066</filemode>
  </filemodes>
  <file_owner_ids>
   <file_owner_id>0</file_owner_id>
  </file_owner_ids>
  <file_group_ids>
   <file_group_id>3</file_group_id>
  </file_group_ids>
  <euids>
   <euid>5</euid>
  </euids>
  <egids>
   <egid>0</egid>
  </egids>
  <ruids>
   <ruid>0</ruid>
  </ruids>
  <rgids>
   <rgid>100</rgid>
  </rgids>
  <cluster_size>1</cluster_size>
 </cluster>
 <cluster>
  <syscall>OPEN1</syscall>
  <path_length_mean>0.00</path_length_mean>
  <path_length_variance>39.0</path_length_variance>
  <path_depth_mean>1.66</path_depth_mean>
  <path_depth_variance>0.33</path_depth_variance>
  <filenames>
   <filename>mm@0:null</filename>
   <filename>ftpusers</filename>
   <filename>lastlog</filename>
  </filenames>
  <flags>
   <flag>WT</flag>
   <flag>R</flag>
   <flag>RW</flag>
  </flags>
  <retValues>
   <retValue>2</retValue>
   <retValue>-1</retValue>
   <retValue>4</retValue>
  </retValues>
  <paths>
   <path>/devices/pseudo/mm@0:null</path>
   <path>/etc/ftpusers</path>
   <path>/var/adm/lastlog</path>
  </paths>
  <filemodes>
   <filemode>-1</filemode>
  </filemodes>
  <file_owner_ids>
   <file_owner_id>-1</file_owner_id>
  </file_owner_ids>
  <file_group_ids>
   <file_group_id>-1</file_group_id>
  </file_group_ids>
  <euids>
   <euid>0</euid>
  </euids>
  <egids>
   <egid>0</egid>
  </egids>
  <ruids>
   <ruid>0</ruid>
  </ruids>
  <rgids>
   <rgid>0</rgid>
  </rgids>
  <cluster_size>3</cluster_size>
 </cluster>
 <cluster>
  <syscall>OPEN2</syscall>
  <path_length_mean>0.00</path_length_mean>
  <path_length_variance>19.7</path_length_variance>
  <path_depth_mean>2.60</path_depth_mean>
  <path_depth_variance>0.30</path_depth_variance>
  <filenames>
   <filename>mm@0:zero</filename>
   <filename>audit_event</filename>
   <filename>pam_authen.so.1</filename>
   <filename>pam_entry.so.1</filename>
   <filename>pam_session.so.1</filename>
  </filenames>
  <flags>
   <flag>R</flag>
  </flags>
  <retValues>
   <retValue>3</retValue>
   <retValue>4</retValue>
  </retValues>
  <paths>
   <path>/devices/pseudo/mm@0:zero</path>
   <path>/etc/security/audit_event</path>
   <path>/usr/lib/security/pam_authen.so.1</path>
   <path>/usr/lib/security/pam_entry.so.1</path>
   <path>/usr/lib/security/pam_session.so.1</path>
  </paths>
  <filemodes>
   <filemode>2066</filemode>
  </filemodes>
  <file_owner_ids>
   <file_owner_id>0</file_owner_id>
  </file_owner_ids>
  <file_group_ids>
   <file_group_id>3</file_group_id>
   <file_group_id>1</file_group_id>
  </file_group_ids>
  <euids>
   <euid>0</euid>
  </euids>
  <egids>
   <egid>0</egid>
  </egids>
  <ruids>
   <ruid>0</ruid>
  </ruids>
  <rgids>
   <rgid>0</rgid>
  </rgids>
  <cluster_size>5</cluster_size>
 </cluster>
 <cluster>
  <syscall>OPEN3</syscall>
  <path_length_mean>0.00</path_length_mean>
  <path_length_variance>10.8</path_length_variance>
  <path_depth_mean>1.12</path_depth_mean>
  <path_depth_variance>0.12</path_depth_variance>
  <filenames>
   <filename>login</filename>
   <filename>group</filename>
   <filename>netconfig</filename>
   <filename>nsswitch.conf</filename>
   <filename>passwd</filename>
   <filename>shadow</filename>
   <filename>shells</filename>
  </filenames>
  <flags>
   <flag>R</flag>
  </flags>
  <retValues>
   <retValue>4</retValue>
   <retValue>3</retValue>
   <retValue>5</retValue>
  </retValues>
  <paths>
   <path>/etc/default/login</path>
   <path>/etc/group</path>
   <path>/etc/netconfig</path>
   <path>/etc/nsswitch.conf</path>
   <path>/etc/passwd</path>
   <path>/etc/shadow</path>
   <path>/etc/shells</path>
  </paths>
  <filemodes>
   <filemode>1004</filemode>
  </filemodes>
  <file_owner_ids>
   <file_owner_id>0</file_owner_id>
  </file_owner_ids>
  <file_group_ids>
   <file_group_id>3</file_group_id>
   <file_group_id>1</file_group_id>
  </file_group_ids>
  <euids>
   <euid>0</euid>
  </euids>
  <egids>
   <egid>0</egid>
  </egids>
  <ruids>
   <ruid>0</ruid>
   <ruid>100</ruid>
  </ruids>
  <rgids>
   <rgid>0</rgid>
  </rgids>
  <cluster_size>8</cluster_size>
 </cluster>
 <cluster>
  <syscall>OPEN4</syscall>
  <path_length_mean>0.00</path_length_mean>
  <path_length_variance>0.00</path_length_variance>
  <path_depth_mean>1.00</path_depth_mean>
  <path_depth_variance>0.00</path_depth_variance>
  <filenames>
   <filename>.name_service_door</filename>
  </filenames>
  <flags>
   <flag>R</flag>
  </flags>
  <retValues>
   <retValue>3</retValue>
   <retValue>4</retValue>
  </retValues>
  <paths>
   <path>/etc/.name_service_door</path>
  </paths>
  <filemodes>
   <filemode>-1</filemode>
  </filemodes>
  <file_owner_ids>
   <file_owner_id>0</file_owner_id>
  </file_owner_ids>
  <file_group_ids>
   <file_group_id>0</file_group_id>
  </file_group_ids>
  <euids>
   <euid>0</euid>
  </euids>
  <egids>
   <egid>0</egid>
  </egids>
  <ruids>
   <ruid>0</ruid>
  </ruids>
  <rgids>
   <rgid>0</rgid>
  </rgids>
  <cluster_size>2</cluster_size>
 </cluster>
 <cluster>
  <syscall>OPEN5</syscall>
  <path_length_mean>0.00</path_length_mean>
  <path_length_variance>2.19</path_length_variance>
  <path_depth_mean>2.00</path_depth_mean>
  <path_depth_variance>0.00</path_depth_variance>
  <filenames>
   <filename>audit_class</filename>
   <filename>audit_control</filename>
   <filename>audit_event</filename>
   <filename>audit_user</filename>
  </filenames>
  <flags>
   <flag>R</flag>
  </flags>
  <retValues>
   <retValue>5</retValue>
   <retValue>4</retValue>
  </retValues>
  <paths>
   <path>/etc/security/audit_class</path>
   <path>/etc/security/audit_control</path>
   <path>/etc/security/audit_event</path>
   <path>/etc/security/audit_user</path>
  </paths>
  <filemodes>
   <filemode>1006</filemode>
  </filemodes>
  <file_owner_ids>
   <file_owner_id>0</file_owner_id>
  </file_owner_ids>
  <file_group_ids>
   <file_group_id>1</file_group_id>
  </file_group_ids>
  <euids>
   <euid>0</euid>
   <euid>2051</euid>
   <euid>2097</euid>
   <euid>2098</euid>
   <euid>2100</euid>
   <euid>2101</euid>
   <euid>2103</euid>
   <euid>2108</euid>
   <euid>2110</euid>
   <euid>2112</euid>
   <euid>2114</euid>
   <euid>2121</euid>
   <euid>2129</euid>
   <euid>2131</euid>
   <euid>2132</euid>
   <euid>2133</euid>
   <euid>2134</euid>
  </euids>
  <egids>
   <egid>0</egid>
  </egids>
  <ruids>
   <ruid>100</ruid>
  </ruids>
  <rgids>
   <rgid>0</rgid>
  </rgids>
  <cluster_size>36</cluster_size>
 </cluster>
 <cluster>
  <syscall>OPEN6</syscall>
  <path_length_mean>0.00</path_length_mean>
  <path_length_variance>0.00</path_length_variance>
  <path_depth_mean>7.00</path_depth_mean>
  <path_depth_variance>0.00</path_depth_variance>
  <filenames>
   <filename>portscan</filename>
  </filenames>
  <flags>
   <flag>R</flag>
  </flags>
  <retValues>
   <retValue>6</retValue>
  </retValues>
  <paths>
   <path>/export/home/alie/fwtk/fwtk/tools/admin/portscan</path>
  </paths>
  <filemodes>
   <filemode>1504</filemode>
  </filemodes>
  <file_owner_ids>
   <file_owner_id>2110</file_owner_id>
  </file_owner_ids>
  <file_group_ids>
   <file_group_id>100</file_group_id>
  </file_group_ids>
  <euids>
   <euid>2110</euid>
  </euids>
  <egids>
   <egid>0</egid>
  </egids>
  <ruids>
   <ruid>100</ruid>
  </ruids>
  <rgids>
   <rgid>0</rgid>
  </rgids>
  <cluster_size>1</cluster_size>
 </cluster>
 <cluster>
  <syscall>OPEN7</syscall>
  <path_length_mean>0.00</path_length_mean>
  <path_length_variance>51.5</path_length_variance>
  <path_depth_mean>3.40</path_depth_mean>
  <path_depth_variance>0.30</path_depth_variance>
  <filenames>
   <filename>histories</filename>
   <filename>Outgoing</filename>
   <filename>ftp</filename>
   <filename>docs</filename>
   <filename>demo.txt</filename>
  </filenames>
  <flags>
   <flag>R</flag>
  </flags>
  <retValues>
   <retValue>6</retValue>
   <retValue>4</retValue>
  </retValues>
  <paths>
   <path>/export/home/avrap/histories</path>
   <path>/export/home/marlync/NewProjects/Outgoing</path>
   <path>/export/home/parkerm/ftp</path>
   <path>/export/home/romeob/docs</path>
   <path>/export/home/romeob/docs/demo.txt</path>
  </paths>
  <filemodes>
   <filemode>1504</filemode>
  </filemodes>
  <file_owner_ids>
   <file_owner_id>2103</file_owner_id>
   <file_owner_id>2131</file_owner_id>
   <file_owner_id>2121</file_owner_id>
   <file_owner_id>2129</file_owner_id>
  </file_owner_ids>
  <file_group_ids>
   <file_group_id>100</file_group_id>
  </file_group_ids>
  <euids>
   <euid>2103</euid>
   <euid>2131</euid>
   <euid>2121</euid>
   <euid>2129</euid>
  </euids>
  <egids>
   <egid>0</egid>
  </egids>
  <ruids>
   <ruid>100</ruid>
  </ruids>
  <rgids>
   <rgid>0</rgid>
  </rgids>
  <cluster_size>5</cluster_size>
 </cluster>
 <cluster>
  <syscall>OPEN8</syscall>
  <path_length_mean>0.00</path_length_mean>
  <path_length_variance>69.3</path_length_variance>
  <path_depth_mean>5.66</path_depth_mean>
  <path_depth_variance>0.33</path_depth_variance>
  <filenames>
   <filename>syll</filename>
   <filename>int_syllabus.ps</filename>
   <filename>I_waltz.txt</filename>
  </filenames>
  <flags>
   <flag>R</flag>
  </flags>
  <retValues>
   <retValue>6</retValue>
   <retValue>4</retValue>
  </retValues>
  <paths>
   <path>/export/home/grzegors/docs/dance/syll</path>
   <path>/export/home/grzegors/docs/dance/syll/int_syllabus.ps</path>
   <path>/export/home/grzegors/docs/dance/syll/I_waltz.txt</path>
  </paths>
  <filemodes>
   <filemode>1006</filemode>
  </filemodes>
  <file_owner_ids>
   <file_owner_id>2114</file_owner_id>
  </file_owner_ids>
  <file_group_ids>
   <file_group_id>100</file_group_id>
  </file_group_ids>
  <euids>
   <euid>2114</euid>
  </euids>
  <egids>
   <egid>0</egid>
  </egids>
  <ruids>
   <ruid>100</ruid>
  </ruids>
  <rgids>
   <rgid>0</rgid>
  </rgids>
  <cluster_size>3</cluster_size>
 </cluster>
 <cluster>
  <syscall>OPEN9</syscall>
  <path_length_mean>0.00</path_length_mean>
  <path_length_variance>0.00</path_length_variance>
  <path_depth_mean>8.00</path_depth_mean>
  <path_depth_variance>0.00</path_depth_variance>
  <filenames>
   <filename>bpf</filename>
  </filenames>
  <flags>
   <flag>R</flag>
  </flags>
  <retValues>
   <retValue>6</retValue>
  </retValues>
  <paths>
   <path>/export/home/katinas/work/simulation/attacks/nmap/libpcap-0.4a6/bpf</path>
  </paths>
  <filemodes>
   <filemode>1006</filemode>
  </filemodes>
  <file_owner_ids>
   <file_owner_id>2098</file_owner_id>
  </file_owner_ids>
  <file_group_ids>
   <file_group_id>100</file_group_id>
  </file_group_ids>
  <euids>
   <euid>2098</euid>
  </euids>
  <egids>
   <egid>0</egid>
  </egids>
  <ruids>
   <ruid>100</ruid>
  </ruids>
  <rgids>
   <rgid>0</rgid>
  </rgids>
  <cluster_size>1</cluster_size>
 </cluster>
 <cluster>
  <syscall>OPEN10</syscall>
  <path_length_mean>0.00</path_length_mean>
  <path_length_variance>0.00</path_length_variance>
  <path_depth_mean>9.00</path_depth_mean>
  <path_depth_variance>0.00</path_depth_variance>
  <filenames>
   <filename>imapver</filename>
  </filenames>
  <flags>
   <flag>R</flag>
  </flags>
  <retValues>
   <retValue>6</retValue>
  </retValues>
  <paths>
   <path>/export/home/mariel/Attacks/attacks/imapd/impack103/sources/scanerz/imapver</path>
  </paths>
  <filemodes>
   <filemode>1004</filemode>
  </filemodes>
  <file_owner_ids>
   <file_owner_id>2132</file_owner_id>
  </file_owner_ids>
  <file_group_ids>
   <file_group_id>100</file_group_id>
  </file_group_ids>
  <euids>
   <euid>2132</euid>
  </euids>
  <egids>
   <egid>0</egid>
  </egids>
  <ruids>
   <ruid>100</ruid>
  </ruids>
  <rgids>
   <rgid>0</rgid>
  </rgids>
  <cluster_size>1</cluster_size>
 </cluster>
 <cluster>
  <syscall>OPEN11</syscall>
  <path_length_mean>0.00</path_length_mean>
  <path_length_variance>66.3</path_length_variance>
  <path_depth_mean>5.00</path_depth_mean>
  <path_depth_variance>0.00</path_depth_variance>
  <filenames>
   <filename>log.tar</filename>
   <filename>myflood.tar</filename>
   <filename>rootkit-linux-rootshell2.tgz</filename>
   <filename>rootkitSunOS.tgz</filename>
   <filename>rootkit.zip</filename>
  </filenames>
  <flags>
   <flag>R</flag>
  </flags>
  <retValues>
   <retValue>4</retValue>
  </retValues>
  <paths>
   <path>/export/home/marlync/NewProjects/Outgoing/log.tar</path>
   <path>/export/home/marlync/NewProjects/Outgoing/myflood.tar</path>
   <path>/export/home/marlync/NewProjects/Outgoing/rootkit-linux-rootshell2.tgz</path>
   <path>/export/home/marlync/NewProjects/Outgoing/rootkitSunOS.tgz</path>
   <path>/export/home/marlync/NewProjects/Outgoing/rootkit.zip</path>
  </paths>
  <filemodes>
   <filemode>1006</filemode>
  </filemodes>
  <file_owner_ids>
   <file_owner_id>2131</file_owner_id>
  </file_owner_ids>
  <file_group_ids>
   <file_group_id>100</file_group_id>
  </file_group_ids>
  <euids>
   <euid>2131</euid>
  </euids>
  <egids>
   <egid>0</egid>
  </egids>
  <ruids>
   <ruid>100</ruid>
  </ruids>
  <rgids>
   <rgid>0</rgid>
  </rgids>
  <cluster_size>5</cluster_size>
 </cluster>
 <cluster>
  <syscall>OPEN12</syscall>
  <path_length_mean>0.00</path_length_mean>
  <path_length_variance>50.0</path_length_variance>
  <path_depth_mean>6.50</path_depth_mean>
  <path_depth_variance>0.50</path_depth_variance>
  <filenames>
   <filename>Sparc</filename>
   <filename>lprhack.c</filename>
  </filenames>
  <flags>
   <flag>R</flag>
  </flags>
  <retValues>
   <retValue>6</retValue>
   <retValue>4</retValue>
  </retValues>
  <paths>
   <path>/export/home/mistyd/NewProjects/Working/Linux/Sparc</path>
   <path>/export/home/mistyd/NewProjects/Working/Linux/Sparc/lprhack.c</path>
  </paths>
  <filemodes>
   <filemode>1006</filemode>
  </filemodes>
  <file_owner_ids>
   <file_owner_id>2134</file_owner_id>
  </file_owner_ids>
  <file_group_ids>
   <file_group_id>100</file_group_id>
  </file_group_ids>
  <euids>
   <euid>2134</euid>
  </euids>
  <egids>
   <egid>0</egid>
  </egids>
  <ruids>
   <ruid>100</ruid>
  </ruids>
  <rgids>
   <rgid>0</rgid>
  </rgids>
  <cluster_size>2</cluster_size>
 </cluster>
 <cluster>
  <syscall>OPEN13</syscall>
  <path_length_mean>0.00</path_length_mean>
  <path_length_variance>57.1</path_length_variance>
  <path_depth_mean>6.91</path_depth_mean>
  <path_depth_variance>0.08</path_depth_variance>
  <filenames>
   <filename>1.dest</filename>
   <filename>1.src</filename>
   <filename>2.src</filename>
   <filename>backup</filename>
   <filename>Oct-09-12:23:33.1.dest</filename>
   <filename>Oct-09-12:23:33.1.src.time</filename>
   <filename>print.c</filename>
   <filename>readpkt.c</filename>
   <filename>tools.c</filename>
   <filename>xcript.c</filename>
   <filename>xcript_funct.c</filename>
   <filename>xcript.h</filename>
  </filenames>
  <flags>
   <flag>R</flag>
  </flags>
  <retValues>
   <retValue>4</retValue>
   <retValue>6</retValue>
  </retValues>
  <paths>
   <path>/export/home/virginil/work/tcptrans/tcpread/backup/1.dest</path>
   <path>/export/home/virginil/work/tcptrans/tcpread/backup/1.src</path>
   <path>/export/home/virginil/work/tcptrans/tcpread/backup/2.src</path>
   <path>/export/home/virginil/work/tcptrans/tcpread/backup</path>
   <path>/export/home/virginil/work/tcptrans/tcpread/backup/Oct-09-12:23:33.1.dest</path>
   <path>/export/home/virginil/work/tcptrans/tcpread/backup/Oct-09-12:23:33.1.src.time</path>
   <path>/export/home/virginil/work/tcptrans/tcpread/backup/print.c</path>
   <path>/export/home/virginil/work/tcptrans/tcpread/backup/readpkt.c</path>
   <path>/export/home/virginil/work/tcptrans/tcpread/backup/tools.c</path>
   <path>/export/home/virginil/work/tcptrans/tcpread/backup/xcript.c</path>
   <path>/export/home/virginil/work/tcptrans/tcpread/backup/xcript_funct.c</path>
   <path>/export/home/virginil/work/tcptrans/tcpread/backup/xcript.h</path>
  </paths>
  <filemodes>
   <filemode>1006</filemode>
  </filemodes>
  <file_owner_ids>
   <file_owner_id>2108</file_owner_id>
  </file_owner_ids>
  <file_group_ids>
   <file_group_id>100</file_group_id>
  </file_group_ids>
  <euids>
   <euid>2108</euid>
  </euids>
  <egids>
   <egid>0</egid>
  </egids>
  <ruids>
   <ruid>100</ruid>
  </ruids>
  <rgids>
   <rgid>0</rgid>
  </rgids>
  <cluster_size>12</cluster_size>
 </cluster>
 <cluster>
  <syscall>OPEN14</syscall>
  <path_length_mean>0.00</path_length_mean>
  <path_length_variance>0.00</path_length_variance>
  <path_depth_mean>3.00</path_depth_mean>
  <path_depth_variance>0.00</path_depth_variance>
  <filenames>
   <filename>linux_netscape.tar.gz</filename>
  </filenames>
  <flags>
   <flag>R</flag>
  </flags>
  <retValues>
   <retValue>4</retValue>
  </retValues>
  <paths>
   <path>/opt/local/src/linux_netscape.tar.gz</path>
  </paths>
  <filemodes>
   <filemode>1006</filemode>
  </filemodes>
  <file_owner_ids>
   <file_owner_id>0</file_owner_id>
  </file_owner_ids>
  <file_group_ids>
   <file_group_id>1</file_group_id>
  </file_group_ids>
  <euids>
   <euid>2051</euid>
  </euids>
  <egids>
   <egid>0</egid>
  </egids>
  <ruids>
   <ruid>100</ruid>
  </ruids>
  <rgids>
   <rgid>0</rgid>
  </rgids>
  <cluster_size>1</cluster_size>
 </cluster>
 <cluster>
  <syscall>OPEN15</syscall>
  <path_length_mean>0.00</path_length_mean>
  <path_length_variance>26.1</path_length_variance>
  <path_depth_mean>2.16</path_depth_mean>
  <path_depth_variance>0.33</path_depth_variance>
  <filenames>
   <filename>libauth.so.1</filename>
   <filename>libbsm.so.1</filename>
   <filename>libc.so.1</filename>
   <filename>libdl.so.1</filename>
   <filename>libintl.so.1</filename>
   <filename>libmp.so.1</filename>
   <filename>libnsl.so.1</filename>
   <filename>libsocket.so.1</filename>
   <filename>libw.so.1</filename>
   <filename>nss_files.so.1</filename>
   <filename>libc_psr.so.1</filename>
  </filenames>
  <flags>
   <flag>R</flag>
  </flags>
  <retValues>
   <retValue>4</retValue>
  </retValues>
  <paths>
   <path>/usr/lib/libauth.so.1</path>
   <path>/usr/lib/libbsm.so.1</path>
   <path>/usr/lib/libc.so.1</path>
   <path>/usr/lib/libdl.so.1</path>
   <path>/usr/lib/libintl.so.1</path>
   <path>/usr/lib/libmp.so.1</path>
   <path>/usr/lib/libnsl.so.1</path>
   <path>/usr/lib/libsocket.so.1</path>
   <path>/usr/lib/libw.so.1</path>
   <path>/usr/lib/nss_files.so.1</path>
   <path>/usr/platform/sun4u/lib/libc_psr.so.1</path>
  </paths>
  <filemodes>
   <filemode>1006</filemode>
  </filemodes>
  <file_owner_ids>
   <file_owner_id>2</file_owner_id>
  </file_owner_ids>
  <file_group_ids>
   <file_group_id>2</file_group_id>
  </file_group_ids>
  <euids>
   <euid>0</euid>
  </euids>
  <egids>
   <egid>0</egid>
  </egids>
  <ruids>
   <ruid>0</ruid>
   <ruid>100</ruid>
  </ruids>
  <rgids>
   <rgid>0</rgid>
  </rgids>
  <cluster_size>12</cluster_size>
 </cluster>
 <cluster>
  <syscall>OPEN16</syscall>
  <path_length_mean>0.00</path_length_mean>
  <path_length_variance>0.33</path_length_variance>
  <path_depth_mean>2.00</path_depth_mean>
  <path_depth_variance>0.00</path_depth_variance>
  <filenames>
   <filename>wtmp</filename>
   <filename>wtmpx</filename>
  </filenames>
  <flags>
   <flag>W</flag>
  </flags>
  <retValues>
   <retValue>4</retValue>
   <retValue>5</retValue>
  </retValues>
  <paths>
   <path>/var/adm/wtmp</path>
   <path>/var/adm/wtmpx</path>
  </paths>
  <filemodes>
   <filemode>1006</filemode>
  </filemodes>
  <file_owner_ids>
   <file_owner_id>0</file_owner_id>
  </file_owner_ids>
  <file_group_ids>
   <file_group_id>1</file_group_id>
  </file_group_ids>
  <euids>
   <euid>0</euid>
  </euids>
  <egids>
   <egid>0</egid>
  </egids>
  <ruids>
   <ruid>0</ruid>
   <ruid>100</ruid>
  </ruids>
  <rgids>
   <rgid>0</rgid>
  </rgids>
  <cluster_size>4</cluster_size>
 </cluster>
</open>
